Workbook

Sheet Daily_Net_price_movement
A1: Date | B1: Symbol | C1: Week | D1: Close | E1: Next_close_4 | F1: 20day_avg_movement | G1: 25day_avg_movement | H1: 30day_avg_movement | I1: 35day_avg_movement | J1: 40day_avg_movement | K1: 20 day increment (%) | L1: 25 day increment (%) | M1: 30 day increment (%) | N1: 35 day increment (%) | O1: 40 day increment (%) | P1: 20 DAY MOVEMENT | Q1: 25 DAY MOVEMENT | R1: 30 DAY MOVEMENT | S1: 35 DAY MOVEMENT | T1: 40 DAY MOVEMENT
A2: 45016 | B2: RELIANCE.NS | C2: 45012 | D2: 2331.05 | E2: 2324.85 | F2: 2394.3 | G2: 2409.32 | H2: 2415.2933 | I2: 2426.1629 | J2: 2432.2225 | K2: =((F2-E2)/E2) -> 0.029872895 | L2: =((G2-E2)/E2) -> 0.036333527 | M2: =((H2-E2)/E2) -> 0.038902868 | N2: =((I2-E2)/E2) -> 0.043578234 | O2: =((J2-E2)/E2) -> 0.0461847 | P2: =F2>$E2 -> TRUE | Q2: =G2>$E2 -> TRUE | R2: =H2>$E2 -> TRUE | S2: =I2>$E2 -> TRUE | T2: =J2>$E2 -> TRUE
A3: 45110 | B3: RELIANCE.NS | C3: 45110 | D3: 2615.7 | E3: 2633.6 | F3: 2621.65 | G3: 2602.972 | H3: 2594.7167 | I3: 2579.2857 | J3: 2566.3263 | K3: =((F3-E3)/E3) -> -0.0045375152 | L3: =((G3-E3)/E3) -> -0.011629708 | M3: =((H3-E3)/E3) -> -0.014764328 | N3: =((I3-E3)/E3) -> -0.02062359 | O3: =((J3-E3)/E3) -> -0.025544382 | P3: =F3>$E3 -> FALSE | Q3: =G3>$E3 -> FALSE | R3: =H3>$E3 -> FALSE | S3: =I3>$E3 -> FALSE | T3: =J3>$E3 -> FALSE
A4: 45117 | B4: RELIANCE.NS | C4: 45117 | D4: 2735.05 | E4: 2740.7 | F4: 2566.155 | G4: 2563.612 | H4: 2550.7933 | I4: 2538.4606 | K4: =((F4-E4)/E4) -> -0.063686285 | L4: =((G4-E4)/E4) -> -0.06461415 | M4: =((H4-E4)/E4) -> -0.0692913 | N4: =((I4-E4)/E4) -> -0.073791146 | P4: =F4>$E4 -> FALSE | Q4: =G4>$E4 -> FALSE | R4: =H4>$E4 -> FALSE | S4: =I4>$E4 -> FALSE
A5: 44937 | B5: TCS.NS | C5: 44935 | D5: 3328.7 | E5: 3378.4 | F5: 3449.7875 | G5: 3455.792 | H5: 3441.315 | I5: 3428.6329 | J5: 3405.3487 | K5: =((F5-E5)/E5) -> 0.021130565 | L5: =((G5-E5)/E5) -> 0.022907885 | M5: =((H5-E5)/E5) -> 0.018622721 | N5: =((I5-E5)/E5) -> 0.014868831 | O5: =((J5-E5)/E5) -> 0.0079767789 | P5: =F5>$E5 -> TRUE | Q5: =G5>$E5 -> TRUE | R5: =H5>$E5 -> TRUE | S5: =I5>$E5 -> TRUE | T5: =J5>$E5 -> TRUE
A6: 45016 | B6: TCS.NS | C6: 45012 | D6: 3205.9 | E6: 3263.4 | F6: 3194.865 | G6: 3207.026 | H6: 3216.5817 | I6: 3229.8829 | J6: 3236.79 | K6: =((F6-E6)/E6) -> -0.021001103 | L6: =((G6-E6)/E6) -> -0.017274622 | M6: =((H6-E6)/E6) -> -0.014346489 | N6: =((I6-E6)/E6) -> -0.01027062 | O6: =((J6-E6)/E6) -> -0.0081540724 | P6: =F6>$E6 -> FALSE | Q6: =G6>$E6 -> FALSE | R6: =H6>$E6 -> FALSE | S6: =I6>$E6 -> FALSE | T6: =J6>$E6 -> FALSE
A7: 45121 | B7: TCS.NS | C7: 45117 | D7: 3514.65 | E7: 3463.3 | F7: 3423.98 | G7: 3417.228 | H7: 3411.3845 | K7: =((F7-E7)/E7) -> -0.011353334 | L7: =((G7-E7)/E7) -> -0.013302919 | M7: =((H7-E7)/E7) -> -0.014990188 | P7: =F7>$E7 -> FALSE | Q7: =G7>$E7 -> FALSE | R7: =H7>$E7 -> FALSE
A8: 45142 | B8: TCS.NS | C8: 45138 | D8: 3443.55 | E8: 3442.1
A9: 45014 | B9: HDFCBANK.NS | C9: 45012 | D9: 1587.8 | E9: 1666.35 | F9: 1672.6525 | G9: 1669.97 | H9: 1665.2617 | I9: 1659.18 | J9: 1652.4112 | K9: =((F9-E9)/E9) -> 0.0037822186 | L9: =((G9-E9)/E9) -> 0.0021724128 | M9: =((H9-E9)/E9) -> -0.00065312409 | N9: =((I9-E9)/E9) -> -0.0043028175 | O9: =((J9-E9)/E9) -> -0.0083648393 | P9: =F9>$E9 -> TRUE | Q9: =G9>$E9 -> TRUE | R9: =H9>$E9 -> FALSE | S9: =I9>$E9 -> FALSE | T9: =J9>$E9 -> FALSE
A10: 45021 | B10: HDFCBANK.NS | C10: 45019 | D10: 1653.75 | E10: 1684.9 | F10: 1670.975 | G10: 1666.918 | H10: 1659.7467 | I10: 1653.8857 | J10: 1647.92 | K10: =((F10-E10)/E10) -> -0.0082645854 | L10: =((G10-E10)/E10) -> -0.010672443 | M10: =((H10-E10)/E10) -> -0.01492868 | N10: =((I10-E10)/E10) -> -0.018407197 | O10: =((J10-E10)/E10) -> -0.02194789 | P10: =F10>$E10 -> FALSE | Q10: =G10>$E10 -> FALSE | R10: =H10>$E10 -> FALSE | S10: =I10>$E10 -> FALSE | T10: =J10>$E10 -> FALSE
A11: 45098 | B11: HDFCBANK.NS | C11: 45096 | D11: 1635.6 | E11: 1658.6 | F11: 1675.59 | G11: 1671.296 | H11: 1667.1633 | I11: 1659.5414 | J11: 1650.32 | K11: =((F11-E11)/E11) -> 0.010243579 | L11: =((G11-E11)/E11) -> 0.0076546485 | M11: =((H11-E11)/E11) -> 0.0051629889 | N11: =((I11-E11)/E11) -> 0.00056760435 | O11: =((J11-E11)/E11) -> -0.0049921621 | P11: =F11>$E11 -> TRUE | Q11: =G11>$E11 -> TRUE | R11: =H11>$E11 -> TRUE | S11: =I11>$E11 -> TRUE | T11: =J11>$E11 -> FALSE
A12: 45041 | B12: ICICIBANK.NS | C12: 45040 | D12: 913.45 | E12: 922.1 | F12: 941.4125 | G12: 941.62 | H12: 941.205 | I12: 939.58429 | J12: 938.07375 | K12: =((F12-E12)/E12) -> 0.020944041 | L12: =((G12-E12)/E12) -> 0.021169071 | M12: =((H12-E12)/E12) -> 0.020719011 | N12: =((I12-E12)/E12) -> 0.018961377 | O12: =((J12-E12)/E12) -> 0.01732323 | P12: =F12>$E12 -> TRUE | Q12: =G12>$E12 -> TRUE | R12: =H12>$E12 -> TRUE | S12: =I12>$E12 -> TRUE | T12: =J12>$E12 -> TRUE
A13: 45161 | B13: ICICIBANK.NS | C13: 45159 | D13: 966.85 | E13: 967.75
A14: 45057 | B14: HINDUNILVR.NS | C14: 45054 | D14: 2592.4 | E14: 2661.75 | F14: 2661.315 | G14: 2666.704 | H14: 2663.945 | I14: 2671.7286 | J14: 2671.95 | K14: =((F14-E14)/E14) -> -0.00016342632 | L14: =((G14-E14)/E14) -> 0.0018611816 | M14: =((H14-E14)/E14) -> 0.00082464544 | N14: =((I14-E14)/E14) -> 0.0037488763 | O14: =((J14-E14)/E14) -> 0.0038320654 | P14: =F14>$E14 -> FALSE | Q14: =G14>$E14 -> TRUE | R14: =H14>$E14 -> TRUE | S14: =I14>$E14 -> TRUE | T14: =J14>$E14 -> TRUE
A15: 45078 | B15: HINDUNILVR.NS | C15: 45075 | D15: 2697.9 | E15: 2716.2 | F15: 2680.92 | G15: 2679.436 | H15: 2680.0717 | I15: 2665.9343 | J15: 2653.1112 | K15: =((F15-E15)/E15) -> -0.012988734 | L15: =((G15-E15)/E15) -> -0.013535086 | M15: =((H15-E15)/E15) -> -0.013301058 | N15: =((I15-E15)/E15) -> -0.018505896 | O15: =((J15-E15)/E15) -> -0.023226843 | P15: =F15>$E15 -> FALSE | Q15: =G15>$E15 -> FALSE | R15: =H15>$E15 -> FALSE | S15: =I15>$E15 -> FALSE | T15: =J15>$E15 -> FALSE
A16: 44959 | B16: INFY.NS | C16: 44956 | D16: 1583.75 | E16: 1590.5 | F16: 1546.445 | G16: 1523.172 | H16: 1501.9383 | I16: 1486.1957 | J16: 1477.6725 | K16: =((F16-E16)/E16) -> -0.027698837 | L16: =((G16-E16)/E16) -> -0.042331342 | M16: =((H16-E16)/E16) -> -0.055681651 | N16: =((I16-E16)/E16) -> -0.065579557 | O16: =((J16-E16)/E16) -> -0.070938384 | P16: =F16>$E16 -> FALSE | Q16: =G16>$E16 -> FALSE | R16: =H16>$E16 -> FALSE | S16: =I16>$E16 -> FALSE | T16: =J16>$E16 -> FALSE
A17: 45016 | B17: INFY.NS | C17: 45012 | D17: 1427.95 | E17: 1427.6 | F17: 1274.04 | G17: 1270.066 | H17: 1271.935 | I17: 1278.1829 | J17: 1280.6837 | K17: =((F17-E17)/E17) -> -0.10756514 | L17: =((G17-E17)/E17) -> -0.11034884 | M17: =((H17-E17)/E17) -> -0.10903965 | N17: =((I17-E17)/E17) -> -0.10466317 | O17: =((J17-E17)/E17) -> -0.10291135 | P17: =F17>$E17 -> FALSE | Q17: =G17>$E17 -> FALSE | R17: =H17>$E17 -> FALSE | S17: =I17>$E17 -> FALSE | T17: =J17>$E17 -> FALSE
A18: 45068 | B18: INFY.NS | C18: 45068 | D18: 1292.8 | E18: 1317.45 | F18: 1295.76 | G18: 1296.522 | H18: 1303.625 | I18: 1314.4186 | J18: 1326.8125 | K18: =((F18-E18)/E18) -> -0.016463623 | L18: =((G18-E18)/E18) -> -0.015885233 | M18: =((H18-E18)/E18) -> -0.010493757 | N18: =((I18-E18)/E18) -> -0.0023009819 | O18: =((J18-E18)/E18) -> 0.0071065316 | P18: =F18>$E18 -> FALSE | Q18: =G18>$E18 -> FALSE | R18: =H18>$E18 -> FALSE | S18: =I18>$E18 -> FALSE | T18: =J18>$E18 -> TRUE
A19: 45107 | B19: INFY.NS | C19: 45103 | D19: 1335.5 | E19: 1343.9 | F19: 1372.1125 | G19: 1375.492 | H19: 1379.0517 | I19: 1383.7814 | J19: 1388.109 | K19: =((F19-E19)/E19) -> 0.020993005 | L19: =((G19-E19)/E19) -> 0.023507701 | M19: =((H19-E19)/E19) -> 0.02615646 | N19: =((I19-E19)/E19) -> 0.02967589 | O19: =((J19-E19)/E19) -> 0.03289603 | P19: =F19>$E19 -> TRUE | Q19: =G19>$E19 -> TRUE | R19: =H19>$E19 -> TRUE | S19: =I19>$E19 -> TRUE | T19: =J19>$E19 -> TRUE
A20: 44950 | B20: ITC.NS | C20: 44949 | D20: 338.95 | E20: 352.35 | F20: 379.45 | G20: 380.35 | H20: 380.9 | I20: 380.5 | J20: 380.48875 | K20: =((F20-E20)/E20) -> 0.076912161 | L20: =((G20-E20)/E20) -> 0.07946644 | M20: =((H20-E20)/E20) -> 0.081027388 | N20: =((I20-E20)/E20) -> 0.079892153 | O20: =((J20-E20)/E20) -> 0.079860224 | P20: =F20>$E20 -> TRUE | Q20: =G20>$E20 -> TRUE | R20: =H20>$E20 -> TRUE | S20: =I20>$E20 -> TRUE | T20: =J20>$E20 -> TRUE
A21: 45027 | B21: ITC.NS | C21: 45026 | D21: 396 | E21: 398.5 | F21: 419.355 | G21: 420.562 | H21: 424.77667 | I21: 427.25143 | J21: 429.05 | K21: =((F21-E21)/E21) -> 0.052333752 | L21: =((G21-E21)/E21) -> 0.05536261 | M21: =((H21-E21)/E21) -> 0.065938938 | N21: =((I21-E21)/E21) -> 0.072149131 | O21: =((J21-E21)/E21) -> 0.076662484 | P21: =F21>$E21 -> TRUE | Q21: =G21>$E21 -> TRUE | R21: =H21>$E21 -> TRUE | S21: =I21>$E21 -> TRUE | T21: =J21>$E21 -> TRUE
A22: 45037 | B22: ITC.NS | C22: 45033 | D22: 408.25 | E22: 416 | F22: 427.15 | G22: 430.824 | H22: 432.645 | I22: 434.49714 | J22: 436.3325 | K22: =((F22-E22)/E22) -> 0.026802885 | L22: =((G22-E22)/E22) -> 0.035634615 | M22: =((H22-E22)/E22) -> 0.040012019 | N22: =((I22-E22)/E22) -> 0.044464286 | O22: =((J22-E22)/E22) -> 0.048876202 | P22: =F22>$E22 -> TRUE | Q22: =G22>$E22 -> TRUE | R22: =H22>$E22 -> TRUE | S22: =I22>$E22 -> TRUE | T22: =J22>$E22 -> TRUE
A23: 45043 | B23: ITC.NS | C23: 45040 | D23: 416 | E23: 424.6 | F23: 431.2725 | G23: 433.566 | H23: 435.085 | I23: 437.33714 | J23: 438.47625 | K23: =((F23-E23)/E23) -> 0.01571479 | L23: =((G23-E23)/E23) -> 0.021116345 | M23: =((H23-E23)/E23) -> 0.024693829 | N23: =((I23-E23)/E23) -> 0.029997981 | O23: =((J23-E23)/E23) -> 0.032680758 | P23: =F23>$E23 -> TRUE | Q23: =G23>$E23 -> TRUE | R23: =H23>$E23 -> TRUE | S23: =I23>$E23 -> TRUE | T23: =J23>$E23 -> TRUE
A24: 45092 | B24: ITC.NS | C24: 45089 | D24: 448.1 | E24: 447.05 | F24: 464.9475 | G24: 466.414 | H24: 465.84833 | I24: 464.23 | J24: 461.9725 | K24: =((F24-E24)/E24) -> 0.040034672 | L24: =((G24-E24)/E24) -> 0.043315065 | M24: =((H24-E24)/E24) -> 0.042049733 | N24: =((I24-E24)/E24) -> 0.038429706 | O24: =((J24-E24)/E24) -> 0.033379935 | P24: =F24>$E24 -> TRUE | Q24: =G24>$E24 -> TRUE | R24: =H24>$E24 -> TRUE | S24: =I24>$E24 -> TRUE | T24: =J24>$E24 -> TRUE
A25: 45110 | B25: ITC.NS | C25: 45110 | D25: 463.25 | E25: 468.4 | F25: 470.175 | G25: 466.796 | H25: 463.32667 | I25: 461.14714 | J25: 459.54605 | K25: =((F25-E25)/E25) -> 0.0037894962 | L25: =((G25-E25)/E25) -> -0.0034244236 | M25: =((H25-E25)/E25) -> -0.010831198 | N25: =((I25-E25)/E25) -> -0.015484324 | O25: =((J25-E25)/E25) -> -0.018902535 | P25: =F25>$E25 -> TRUE | Q25: =G25>$E25 -> FALSE | R25: =H25>$E25 -> FALSE | S25: =I25>$E25 -> FALSE | T25: =J25>$E25 -> FALSE
... A27: 45110 | B27: SBIN.NS | C27: 45110 | D27: 585.45 | E27: 593.6 | F27: 601.49 | G27: 595.694 | H27: 591.17667 | I27: 588.58429 | J27: 586.94868 | K27: =((F27-E27)/E27) -> 0.013291779 | L27: =((G27-E27)/E27) -> 0.003527628 | M27: =((H27-E27)/E27) -> -0.0040824349 | N27: =((I27-E27)/E27) -> -0.0084496534 | O27: =((J27-E27)/E27) -> -0.011205047 | P27: =F27>$E27 -> TRUE | Q27: =G27>$E27 -> TRUE | R27: =H27>$E27 -> FALSE | S27: =I27>$E27 -> FALSE | T27: =J27>$E27 -> FALSE
A28: 45126 | B28: SBIN.NS | C28: 45124 | D28: 601.45 | E28: 609.6 | F28: 584.6475 | G28: 582.198 | H28: 581.39615 | K28: =((F28-E28)/E28) -> -0.040932579 | L28: =((G28-E28)/E28) -> -0.044950787 | M28: =((H28-E28)/E28) -> -0.046266152 | P28: =F28>$E28 -> FALSE | Q28: =G28>$E28 -> FALSE | R28: =H28>$E28 -> FALSE
A29: 45100 | B29: BHARTIARTL.NS | C29: 45096 | D29: 854.8 | E29: 878.75 | F29: 881.8225 | G29: 882.298 | H29: 882.11 | I29: 879.20571 | J29: 878.2825 | K29: =((F29-E29)/E29) -> 0.0034964438 | L29: =((G29-E29)/E29) -> 0.0040375533 | M29: =((H29-E29)/E29) -> 0.0038236131 | N29: =((I29-E29)/E29) -> 0.00051859378 | O29: =((J29-E29)/E29) -> -0.00053200569 | P29: =F29>$E29 -> TRUE | Q29: =G29>$E29 -> TRUE | R29: =H29>$E29 -> TRUE | S29: =I29>$E29 -> TRUE | T29: =J29>$E29 -> FALSE
A30: 44965 | B30: BAJFINANCE.NS | C30: 44963 | D30: 6351.65 | E30: 6458.7 | F30: 6128.1675 | G30: 6044.236 | H30: 5978.03 | I30: 5948.4286 | J30: 5941.7812 | K30: =((F30-E30)/E30) -> -0.05117632 | L30: =((G30-E30)/E30) -> -0.064171428 | M30: =((H30-E30)/E30) -> -0.074422097 | N30: =((I30-E30)/E30) -> -0.079005284 | O30: =((J30-E30)/E30) -> -0.080034488 | P30: =F30>$E30 -> FALSE | Q30: =G30>$E30 -> FALSE | R30: =H30>$E30 -> FALSE | S30: =I30>$E30 -> FALSE | T30: =J30>$E30 -> FALSE
A31: 45041 | B31: BAJFINANCE.NS | C31: 45040 | D31: 6075.25 | E31: 6249.15 | F31: 6699.925 | G31: 6768.396 | H31: 6820.0517 | I31: 6876.0914 | J31: 6897.6737 | K31: =((F31-E31)/E31) -> 0.07213381 | L31: =((G31-E31)/E31) -> 0.08309066 | M31: =((H31-E31)/E31) -> 0.091356691 | N31: =((I31-E31)/E31) -> 0.10032427 | O31: =((J31-E31)/E31) -> 0.10377791 | P31: =F31>$E31 -> TRUE | Q31: =G31>$E31 -> TRUE | R31: =H31>$E31 -> TRUE | S31: =I31>$E31 -> TRUE | T31: =J31>$E31 -> TRUE
A32: 45054 | B32: BAJFINANCE.NS | C32: 45054 | D32: 6657.95 | E32: 6714.4 | F32: 6907.86 | G32: 6953.932 | H32: 6990.3033 | I32: 7006.8543 | J32: 7096.5238 | K32: =((F32-E32)/E32) -> 0.028812701 | L32: =((G32-E32)/E32) -> 0.035674372 | M32: =((H32-E32)/E32) -> 0.041091286 | N32: =((I32-E32)/E32) -> 0.04355628 | O32: =((J32-E32)/E32) -> 0.056911079 | P32: =F32>$E32 -> TRUE | Q32: =G32>$E32 -> TRUE | R32: =H32>$E32 -> TRUE | S32: =I32>$E32 -> TRUE | T32: =J32>$E32 -> TRUE
A33: 45072 | B33: BAJFINANCE.NS | C33: 45068 | D33: 6904.5 | E33: 7040.5 | F33: 7102.8975 | G33: 7219.15 | H33: 7261.4967 | I33: 7301.1114 | J33: 7320.645 | K33: =((F33-E33)/E33) -> 0.0088626518 | L33: =((G33-E33)/E33) -> 0.025374618 | M33: =((H33-E33)/E33) -> 0.031389343 | N33: =((I33-E33)/E33) -> 0.03701604 | O33: =((J33-E33)/E33) -> 0.039790498 | P33: =F33>$E33 -> TRUE | Q33: =G33>$E33 -> TRUE | R33: =H33>$E33 -> TRUE | S33: =I33>$E33 -> TRUE | T33: =J33>$E33 -> TRUE
A34: 45076 | B34: BAJFINANCE.NS | C34: 45075 | D34: 7005.8 | E34: 7043.2 | F34: 7159.215 | G34: 7255.556 | H34: 7290.2917 | I34: 7333.1386 | J34: 7333.2175 | K34: =((F34-E34)/E34) -> 0.016471916 | L34: =((G34-E34)/E34) -> 0.0301505 | M34: =((H34-E34)/E34) -> 0.035082302 | N34: =((I34-E34)/E34) -> 0.041165744 | O34: =((J34-E34)/E34) -> 0.041176951 | P34: =F34>$E34 -> TRUE | Q34: =G34>$E34 -> TRUE | R34: =H34>$E34 -> TRUE | S34: =I34>$E34 -> TRUE | T34: =J34>$E34 -> TRUE
A35: 45051 | B35: LICI.NS | C35: 45047 | D35: 560.05 | E35: 561 | F35: 588.21 | G35: 590.18 | H35: 596.18 | I35: 599.77429 | J35: 603.1075 | K35: =((F35-E35)/E35) -> 0.048502674 | L35: =((G35-E35)/E35) -> 0.05201426 | M35: =((H35-E35)/E35) -> 0.062709447 | N35: =((I35-E35)/E35) -> 0.069116374 | O35: =((J35-E35)/E35) -> 0.075057932 | P35: =F35>$E35 -> TRUE | Q35: =G35>$E35 -> TRUE | R35: =H35>$E35 -> TRUE | S35: =I35>$E35 -> TRUE | T35: =J35>$E35 -> TRUE
A36: 45096 | B36: LICI.NS | C36: 45096 | D36: 618.3 | E36: 624.95 | F36: 623.0875 | G36: 624.388 | H36: 628.56 | I36: 631.47857 | J36: 634.4375 | K36: =((F36-E36)/E36) -> -0.0029802384 | L36: =((G36-E36)/E36) -> -0.00089927194 | M36: =((H36-E36)/E36) -> 0.0057764621 | N36: =((I36-E36)/E36) -> 0.01044655 | O36: =((J36-E36)/E36) -> 0.015181214 | P36: =F36>$E36 -> FALSE | Q36: =G36>$E36 -> FALSE | R36: =H36>$E36 -> TRUE | S36: =I36>$E36 -> TRUE | T36: =J36>$E36 -> TRUE
A37: 45021 | B37: LT.NS | C37: 45019 | D37: 2257.75 | E37: 2288.5 | F37: 2291.125 | G37: 2275.776 | H37: 2263.8983 | I37: 2257.1514 | J37: 2264.1337 | K37: =((F37-E37)/E37) -> 0.0011470395 | L37: =((G37-E37)/E37) -> -0.0055599738 | M37: =((H37-E37)/E37) -> -0.010750127 | N37: =((I37-E37)/E37) -> -0.013698305 | O37: =((J37-E37)/E37) -> -0.010647258 | P37: =F37>$E37 -> TRUE | Q37: =G37>$E37 -> FALSE | R37: =H37>$E37 -> FALSE | S37: =I37>$E37 -> FALSE | T37: =J37>$E37 -> FALSE
A38: 45082 | B38: LT.NS | C38: 45082 | D38: 2268.3 | E38: 2363 | F38: 2405.935 | G38: 2417.576 | H38: 2436.315 | I38: 2465.3629 | J38: 2485.935 | K38: =((F38-E38)/E38) -> 0.0181697 | L38: =((G38-E38)/E38) -> 0.023096064 | M38: =((H38-E38)/E38) -> 0.031026238 | N38: =((I38-E38)/E38) -> 0.043319025 | O38: =((J38-E38)/E38) -> 0.052024968 | P38: =F38>$E38 -> TRUE | Q38: =G38>$E38 -> TRUE | R38: =H38>$E38 -> TRUE | S38: =I38>$E38 -> TRUE | T38: =J38>$E38 -> TRUE
A39: 45107 | B39: LT.NS | C39: 45103 | D39: 2475.55 | E39: 2488.6 | F39: 2547.2 | G39: 2565.364 | H39: 2580.6 | I39: 2594.3771 | J39: 2605.8769 | K39: =((F39-E39)/E39) -> 0.023547376 | L39: =((G39-E39)/E39) -> 0.030846259 | M39: =((H39-E39)/E39) -> 0.036968577 | N39: =((I39-E39)/E39) -> 0.042504678 | O39: =((J39-E39)/E39) -> 0.047125662 | P39: =F39>$E39 -> TRUE | Q39: =G39>$E39 -> TRUE | R39: =H39>$E39 -> TRUE | S39: =I39>$E39 -> TRUE | T39: =J39>$E39 -> TRUE
A40: 45128 | B40: LT.NS | C40: 45124 | D40: 2586.25 | E40: 2660.2 | F40: 2653.85 | G40: 2662.625 | K40: =((F40-E40)/E40) -> -0.0023870386 | L40: =((G40-E40)/E40) -> 0.0009115856 | P40: =F40>$E40 -> FALSE | Q40: =G40>$E40 -> TRUE
A41: 44935 | B41: HCLTECH.NS | C41: 44935 | D41: 1067.45 | E41: 1077.8 | F41: 1125.7625 | G41: 1125.08 | H41: 1119.9317 | I41: 1117.9514 | J41: 1116.6137 | K41: =((F41-E41)/E41) -> 0.044500371 | L41: =((G41-E41)/E41) -> 0.043867137 | M41: =((H41-E41)/E41) -> 0.039090431 | N41: =((I41-E41)/E41) -> 0.037253135 | O41: =((J41-E41)/E41) -> 0.036012015 | P41: =F41>$E41 -> TRUE | Q41: =G41>$E41 -> TRUE | R41: =H41>$E41 -> TRUE | S41: =I41>$E41 -> TRUE | T41: =J41>$E41 -> TRUE
A42: 44943 | B42: HCLTECH.NS | C42: 44942 | D42: 1111.05 | E42: 1121.2 | F42: 1128.595 | G42: 1120.61 | H42: 1119.6217 | I42: 1116.6829 | J42: 1113.0237 | K42: =((F42-E42)/E42) -> 0.0065956118 | L42: =((G42-E42)/E42) -> -0.00052622191 | M42: =((H42-E42)/E42) -> -0.0014077179 | N42: =((I42-E42)/E42) -> -0.0040288466 | O42: =((J42-E42)/E42) -> -0.0072924099 | P42: =F42>$E42 -> TRUE | Q42: =G42>$E42 -> FALSE | R42: =H42>$E42 -> FALSE | S42: =I42>$E42 -> FALSE | T42: =J42>$E42 -> FALSE
A43: 45092 | B43: HCLTECH.NS | C43: 45089 | D43: 1143.6 | E43: 1170.45 | F43: 1159.2375 | G43: 1150.28 | H43: 1145.7383 | I43: 1145.3457 | J43: 1148.9275 | K43: =((F43-E43)/E43) -> -0.0095796489 | L43: =((G43-E43)/E43) -> -0.017232688 | M43: =((H43-E43)/E43) -> -0.021112962 | N43: =((I43-E43)/E43) -> -0.021448405 | O43: =((J43-E43)/E43) -> -0.018388227 | P43: =F43>$E43 -> FALSE | Q43: =G43>$E43 -> FALSE | R43: =H43>$E43 -> FALSE | S43: =I43>$E43 -> FALSE | T43: =J43>$E43 -> FALSE
A44: 45139 | B44: HCLTECH.NS | C44: 45138 | D44: 1138.5 | E44: 1150.8 | F44: 1164.8765 | K44: =((F44-E44)/E44) -> 0.0122319 | P44: =F44>$E44 -> TRUE
A45: 45050 | B45: ASIANPAINT.NS | C45: 45047 | D45: 2982.85 | E45: 3041.4 | F45: 3148.7925 | G45: 3163.858 | H45: 3188.405 | I45: 3204.5157 | J45: 3225.0075 | K45: =((F45-E45)/E45) -> 0.035310219 | L45: =((G45-E45)/E45) -> 0.040263694 | M45: =((H45-E45)/E45) -> 0.048334649 | N45: =((I45-E45)/E45) -> 0.053631786 | O45: =((J45-E45)/E45) -> 0.060369402 | P45: =F45>$E45 -> TRUE | Q45: =G45>$E45 -> TRUE | R45: =H45>$E45 -> TRUE | S45: =I45>$E45 -> TRUE | T45: =J45>$E45 -> TRUE
A46: 45057 | B46: ASIANPAINT.NS | C46: 45054 | D46: 3139.75 | E46: 3092.45 | F46: 3173.1525 | G46: 3200.75 | H46: 3217.4883 | I46: 3239.0543 | J46: 3256.29 | K46: =((F46-E46)/E46) -> 0.026096622 | L46: =((G46-E46)/E46) -> 0.035020776 | M46: =((H46-E46)/E46) -> 0.040433421 | N46: =((I46-E46)/E46) -> 0.047407164 | O46: =((J46-E46)/E46) -> 0.052980646 | P46: =F46>$E46 -> TRUE | Q46: =G46>$E46 -> TRUE | R46: =H46>$E46 -> TRUE | S46: =I46>$E46 -> TRUE | T46: =J46>$E46 -> TRUE
A47: 45077 | B47: ASIANPAINT.NS | C47: 45075 | D47: 3192.95 | E47: 3212.75 | F47: 3292.4925 | G47: 3309.416 | H47: 3335.0733 | I47: 3354.6571 | J47: 3356.4075 | K47: =((F47-E47)/E47) -> 0.024820637 | L47: =((G47-E47)/E47) -> 0.030088242 | M47: =((H47-E47)/E47) -> 0.038074339 | N47: =((I47-E47)/E47) -> 0.044169992 | O47: =((J47-E47)/E47) -> 0.044714808 | P47: =F47>$E47 -> TRUE | Q47: =G47>$E47 -> TRUE | R47: =H47>$E47 -> TRUE | S47: =I47>$E47 -> TRUE | T47: =J47>$E47 -> TRUE
A48: 45090 | B48: ASIANPAINT.NS | C48: 45089 | D48: 3262.85 | E48: 3309.7 | F48: 3363.5625 | G48: 3390.948 | H48: 3387.57 | I48: 3381.63 | J48: 3362.6988 | K48: =((F48-E48)/E48) -> 0.016274134 | L48: =((G48-E48)/E48) -> 0.024548449 | M48: =((H48-E48)/E48) -> 0.023527812 | N48: =((I48-E48)/E48) -> 0.021733088 | O48: =((J48-E48)/E48) -> 0.016013158 | P48: =F48>$E48 -> TRUE | Q48: =G48>$E48 -> TRUE | R48: =H48>$E48 -> TRUE | S48: =I48>$E48 -> TRUE | T48: =J48>$E48 -> TRUE
A49: 45107 | B49: ASIANPAINT.NS | C49: 45103 | D49: 3362.05 | E49: 3399.4 | F49: 3417.17 | G49: 3397.72 | H49: 3362.3933 | I49: 3339.6429 | J49: 3332.9154 | K49: =((F49-E49)/E49) -> 0.0052273931 | L49: =((G49-E49)/E49) -> -0.00049420486 | M49: =((H49-E49)/E49) -> -0.010886235 | N49: =((I49-E49)/E49) -> -0.017578732 | O49: =((J49-E49)/E49) -> -0.01955775 | P49: =F49>$E49 -> TRUE | Q49: =G49>$E49 -> FALSE | R49: =H49>$E49 -> FALSE | S49: =I49>$E49 -> FALSE | T49: =J49>$E49 -> FALSE
A50: 45125 | B50: ASIANPAINT.NS | C50: 45124 | D50: 3513.45 | E50: 3543.7 | F50: 3292.1725 | G50: 3281.702 | H50: 3281.2352 | K50: =((F50-E50)/E50) -> -0.070978779 | L50: =((G50-E50)/E50) -> -0.073933459 | M50: =((H50-E50)/E50) -> -0.07406519 | P50: =F50>$E50 -> FALSE | Q50: =G50>$E50 -> FALSE | R50: =H50>$E50 -> FALSE
A51: 45055 | B51: AXISBANK.NS | C51: 45054 | D51: 888.25 | E51: 915.8 | F51: 935.275 | G51: 943.736 | H51: 947.32667 | I51: 951.61571 | J51: 953.69875 | K51: =((F51-E51)/E51) -> 0.02126556 | L51: =((G51-E51)/E51) -> 0.030504477 | M51: =((H51-E51)/E51) -> 0.034425275 | N51: =((I51-E51)/E51) -> 0.039108664 | O51: =((J51-E51)/E51) -> 0.041383217 | P51: =F51>$E51 -> TRUE | Q51: =G51>$E51 -> TRUE | R51: =H51>$E51 -> TRUE | S51: =I51>$E51 -> TRUE | T51: =J51>$E51 -> TRUE
A52: 44950 | B52: MARUTI.NS | C52: 44949 | D52: 8698.8 | E52: 8895.3 | F52: 8768.8425 | G52: 8744.654 | H52: 8708.845 | I52: 8649.1443 | J52: 8602.465 | K52: =((F52-E52)/E52) -> -0.014216215 | L52: =((G52-E52)/E52) -> -0.01693546 | M52: =((H52-E52)/E52) -> -0.020961069 | N52: =((I52-E52)/E52) -> -0.027672559 | O52: =((J52-E52)/E52) -> -0.032920194 | P52: =F52>$E52 -> FALSE | Q52: =G52>$E52 -> FALSE | R52: =H52>$E52 -> FALSE | S52: =I52>$E52 -> FALSE | T52: =J52>$E52 -> FALSE
A53: 45019 | B53: MARUTI.NS | C53: 45019 | D53: 8503.05 | E53: 8659.55 | F53: 8758.345 | G53: 8836.546 | H53: 8897.6517 | I53: 8964.0671 | J53: 9047.8025 | K53: =((F53-E53)/E53) -> 0.011408791 | L53: =((G53-E53)/E53) -> 0.020439399 | M53: =((H53-E53)/E53) -> 0.027495848 | N53: =((I53-E53)/E53) -> 0.03516547 | O53: =((J53-E53)/E53) -> 0.044835182 | P53: =F53>$E53 -> TRUE | Q53: =G53>$E53 -> TRUE | R53: =H53>$E53 -> TRUE | S53: =I53>$E53 -> TRUE | T53: =J53>$E53 -> TRUE
A54: 45027 | B54: MARUTI.NS | C54: 45026 | D54: 8659.55 | E54: 8732.65 | F54: 8858.06 | G54: 8917.942 | H54: 8990.4967 | I54: 9072.9814 | J54: 9136.03 | K54: =((F54-E54)/E54) -> 0.014361047 | L54: =((G54-E54)/E54) -> 0.021218301 | M54: =((H54-E54)/E54) -> 0.029526738 | N54: =((I54-E54)/E54) -> 0.038972297 | O54: =((J54-E54)/E54) -> 0.046192164 | P54: =F54>$E54 -> TRUE | Q54: =G54>$E54 -> TRUE | R54: =H54>$E54 -> TRUE | S54: =I54>$E54 -> TRUE | T54: =J54>$E54 -> TRUE
A55: 45048 | B55: MARUTI.NS | C55: 45047 | D55: 8776.85 | E55: 9076.25 | F55: 9259.175 | G55: 9338.562 | H55: 9374.82 | I55: 9382.2314 | J55: 9410.2388 | K55: =((F55-E55)/E55) -> 0.020154249 | L55: =((G55-E55)/E55) -> 0.028900923 | M55: =((H55-E55)/E55) -> 0.032895744 | N55: =((I55-E55)/E55) -> 0.033712318 | O55: =((J55-E55)/E55) -> 0.036798099 | P55: =F55>$E55 -> TRUE | Q55: =G55>$E55 -> TRUE | R55: =H55>$E55 -> TRUE | S55: =I55>$E55 -> TRUE | T55: =J55>$E55 -> TRUE
A56: 45055 | B56: MARUTI.NS | C56: 45054 | D56: 9111.55 | E56: 9207.3 | F56: 9371.0375 | G56: 9408.052 | H56: 9411.16 | I56: 9439.0357 | J56: 9492.6162 | K56: =((F56-E56)/E56) -> 0.017783444 | L56: =((G56-E56)/E56) -> 0.021803569 | M56: =((H56-E56)/E56) -> 0.022141127 | N56: =((I56-E56)/E56) -> 0.025168694 | O56: =((J56-E56)/E56) -> 0.030988048 | P56: =F56>$E56 -> TRUE | Q56: =G56>$E56 -> TRUE | R56: =H56>$E56 -> TRUE | S56: =I56>$E56 -> TRUE | T56: =J56>$E56 -> TRUE
A57: 45072 | B57: MARUTI.NS | C57: 45068 | D57: 9399.95 | E57: 9328.3 | F57: 9548.655 | G57: 9599.818 | H57: 9623.9633 | I57: 9634.9771 | J57: 9646.4462 | K57: =((F57-E57)/E57) -> 0.023622203 | L57: =((G57-E57)/E57) -> 0.029106911 | M57: =((H57-E57)/E57) -> 0.031695307 | N57: =((I57-E57)/E57) -> 0.032875995 | O57: =((J57-E57)/E57) -> 0.034105491 | P57: =F57>$E57 -> TRUE | Q57: =G57>$E57 -> TRUE | R57: =H57>$E57 -> TRUE | S57: =I57>$E57 -> TRUE | T57: =J57>$E57 -> TRUE
A58: 45107 | B58: MARUTI.NS | C58: 45103 | D58: 9789.05 | E58: 9859.4 | F58: 9722.3825 | G58: 9673.804 | H58: 9625.8167 | I58: 9611.0157 | J58: 9625.7615 | K58: =((F58-E58)/E58) -> -0.013897144 | L58: =((G58-E58)/E58) -> -0.018824269 | M58: =((H58-E58)/E58) -> -0.023691435 | N58: =((I58-E58)/E58) -> -0.025192637 | O58: =((J58-E58)/E58) -> -0.023697026 | P58: =F58>$E58 -> FALSE | Q58: =G58>$E58 -> FALSE | R58: =H58>$E58 -> FALSE | S58: =I58>$E58 -> FALSE | T58: =J58>$E58 -> FALSE
A59: 45022 | B59: SUNPHARMA.NS | C59: 45019 | D59: 1012.1 | E59: 1003.5 | F59: 974.485 | G59: 966.382 | H59: 964.22167 | I59: 967.36143 | J59: 971.06125 | K59: =((F59-E59)/E59) -> -0.028913802 | L59: =((G59-E59)/E59) -> -0.03698854 | M59: =((H59-E59)/E59) -> -0.039141339 | N59: =((I59-E59)/E59) -> -0.036012528 | O59: =((J59-E59)/E59) -> -0.03232561 | P59: =F59>$E59 -> FALSE | Q59: =G59>$E59 -> FALSE | R59: =H59>$E59 -> FALSE | S59: =I59>$E59 -> FALSE | T59: =J59>$E59 -> FALSE
A60: 45072 | B60: SUNPHARMA.NS | C60: 45068 | D60: 969.9 | E60: 987.7 | F60: 998.295 | G60: 1006.812 | H60: 1017.1633 | I60: 1026.7514 | J60: 1037.9313 | K60: =((F60-E60)/E60) -> 0.010726941 | L60: =((G60-E60)/E60) -> 0.019350005 | M60: =((H60-E60)/E60) -> 0.029830245 | N60: =((I60-E60)/E60) -> 0.039537743 | O60: =((J60-E60)/E60) -> 0.050856788 | P60: =F60>$E60 -> TRUE | Q60: =G60>$E60 -> TRUE | R60: =H60>$E60 -> TRUE | S60: =I60>$E60 -> TRUE | T60: =J60>$E60 -> TRUE
A61: 45107 | B61: SUNPHARMA.NS | C61: 45103 | D61: 1051.6 | E61: 1042.5 | F61: 1097.2875 | G61: 1107.89 | H61: 1112.9067 | I61: 1114.5843 | J61: 1114.5013 | K61: =((F61-E61)/E61) -> 0.052553957 | L61: =((G61-E61)/E61) -> 0.062724221 | M61: =((H61-E61)/E61) -> 0.067536371 | N61: =((I61-E61)/E61) -> 0.069145598 | O61: =((J61-E61)/E61) -> 0.069065978 | P61: =F61>$E61 -> TRUE | Q61: =G61>$E61 -> TRUE | R61: =H61>$E61 -> TRUE | S61: =I61>$E61 -> TRUE | T61: =J61>$E61 -> TRUE
A62: 45118 | B62: SUNPHARMA.NS | C62: 45117 | D62: 1072.25 | E62: 1077.6 | F62: 1125.2975 | G62: 1128.17 | H62: 1126.0383 | I62: 1125.2391 | K62: =((F62-E62)/E62) -> 0.044262713 | L62: =((G62-E62)/E62) -> 0.046928359 | M62: =((H62-E62)/E62) -> 0.044950198 | N62: =((I62-E62)/E62) -> 0.044208484 | P62: =F62>$E62 -> TRUE | Q62: =G62>$E62 -> TRUE | R62: =H62>$E62 -> TRUE | S62: =I62>$E62 -> TRUE
A63: 45134 | B63: SUNPHARMA.NS | C63: 45131 | D63: 1134.95 | E63: 1135.25 | F63: 1133.04 | K63: =((F63-E63)/E63) -> -0.0019467078 | P63: =F63>$E63 -> FALSE
A64: 44960 | B64: TITAN.NS | C64: 44956 | D64: 2463.1 | E64: 2462.55 | F64: 2432.995 | G64: 2426.104 | H64: 2438.2383 | I64: 2448.8343 | J64: 2464.55 | K64: =((F64-E64)/E64) -> -0.012001787 | L64: =((G64-E64)/E64) -> -0.014800106 | M64: =((H64-E64)/E64) -> -0.0098725576 | N64: =((I64-E64)/E64) -> -0.0055697201 | O64: =((J64-E64)/E64) -> 0.00081216625 | P64: =F64>$E64 -> FALSE | Q64: =G64>$E64 -> FALSE | R64: =H64>$E64 -> FALSE | S64: =I64>$E64 -> FALSE | T64: =J64>$E64 -> TRUE
A65: 44970 | B65: TITAN.NS | C65: 44970 | D65: 2519.05 | E65: 2500.3 | F65: 2403.555 | G65: 2424.004 | H65: 2441.3483 | I65: 2460.7486 | J65: 2475.6588 | K65: =((F65-E65)/E65) -> -0.038693357 | L65: =((G65-E65)/E65) -> -0.030514738 | M65: =((H65-E65)/E65) -> -0.023577837 | N65: =((I65-E65)/E65) -> -0.015818673 | O65: =((J65-E65)/E65) -> -0.0098553174 | P65: =F65>$E65 -> FALSE | Q65: =G65>$E65 -> FALSE | R65: =H65>$E65 -> FALSE | S65: =I65>$E65 -> FALSE | T65: =J65>$E65 -> FALSE
A66: 45001 | B66: TITAN.NS | C66: 44998 | D66: 2450.35 | E66: 2508.15 | F66: 2559.79 | G66: 2578.4 | H66: 2603.6133 | I66: 2627.7614 | J66: 2637.46 | K66: =((F66-E66)/E66) -> 0.02058888 | L66: =((G66-E66)/E66) -> 0.028008692 | M66: =((H66-E66)/E66) -> 0.038061254 | N66: =((I66-E66)/E66) -> 0.047689105 | O66: =((J66-E66)/E66) -> 0.051555928 | P66: =F66>$E66 -> TRUE | Q66: =G66>$E66 -> TRUE | R66: =H66>$E66 -> TRUE | S66: =I66>$E66 -> TRUE | T66: =J66>$E66 -> TRUE
A67: 45021 | B67: TITAN.NS | C67: 45019 | D67: 2572.7 | E67: 2587.9 | F67: 2659.61 | G67: 2677.916 | H67: 2683.375 | I67: 2703.6614 | J67: 2725.6375 | K67: =((F67-E67)/E67) -> 0.027709726 | L67: =((G67-E67)/E67) -> 0.034783415 | M67: =((H67-E67)/E67) -> 0.036892847 | N67: =((I67-E67)/E67) -> 0.044731801 | O67: =((J67-E67)/E67) -> 0.053223656 | P67: =F67>$E67 -> TRUE | Q67: =G67>$E67 -> TRUE | R67: =H67>$E67 -> TRUE | S67: =I67>$E67 -> TRUE | T67: =J67>$E67 -> TRUE
A68: 45051 | B68: TITAN.NS | C68: 45047 | D68: 2732.9 | E68: 2757.85 | F68: 2786.5125 | G68: 2807.466 | H68: 2834.1633 | I68: 2855.3057 | J68: 2884.9725 | K68: =((F68-E68)/E68) -> 0.01039306 | L68: =((G68-E68)/E68) -> 0.017990826 | M68: =((H68-E68)/E68) -> 0.027671314 | N68: =((I68-E68)/E68) -> 0.035337569 | O68: =((J68-E68)/E68) -> 0.046094784 | P68: =F68>$E68 -> TRUE | Q68: =G68>$E68 -> TRUE | R68: =H68>$E68 -> TRUE | S68: =I68>$E68 -> TRUE | T68: =J68>$E68 -> TRUE
A69: 45075 | B69: TITAN.NS | C69: 45075 | D69: 2812.25 | E69: 2861.65 | F69: 2938.2425 | G69: 2969.412 | H69: 2986.4383 | I69: 2986.5729 | J69: 2989.0137 | K69: =((F69-E69)/E69) -> 0.026765153 | L69: =((G69-E69)/E69) -> 0.037657296 | M69: =((H69-E69)/E69) -> 0.043607126 | N69: =((I69-E69)/E69) -> 0.043654136 | O69: =((J69-E69)/E69) -> 0.044507103 | P69: =F69>$E69 -> TRUE | Q69: =G69>$E69 -> TRUE | R69: =H69>$E69 -> TRUE | S69: =I69>$E69 -> TRUE | T69: =J69>$E69 -> TRUE
A70: 45093 | B70: TITAN.NS | C70: 45089 | D70: 2954.3 | E70: 2970.25 | F70: 3036.755 | G70: 3029.63 | H70: 3017.6783 | I70: 3009.0829 | J70: 3013.5037 | K70: =((F70-E70)/E70) -> 0.022390371 | L70: =((G70-E70)/E70) -> 0.019991583 | M70: =((H70-E70)/E70) -> 0.015967792 | N70: =((I70-E70)/E70) -> 0.013073936 | O70: =((J70-E70)/E70) -> 0.014562326 | P70: =F70>$E70 -> TRUE | Q70: =G70>$E70 -> TRUE | R70: =H70>$E70 -> TRUE | S70: =I70>$E70 -> TRUE | T70: =J70>$E70 -> TRUE
A71: 45107 | B71: TITAN.NS | C71: 45103 | D71: 3047.65 | E71: 3106.4 | F71: 3019.7975 | G71: 3002.826 | H71: 3007.7283 | I71: 3016.69 | J71: 3023.0449 | K71: =((F71-E71)/E71) -> -0.027878734 | L71: =((G71-E71)/E71) -> -0.033342132 | M71: =((H71-E71)/E71) -> -0.031763993 | N71: =((I71-E71)/E71) -> -0.028879088 | O71: =((J71-E71)/E71) -> -0.026833353 | P71: =F71>$E71 -> FALSE | Q71: =G71>$E71 -> FALSE | R71: =H71>$E71 -> FALSE | S71: =I71>$E71 -> FALSE | T71: =J71>$E71 -> FALSE
A72: 45149 | B72: TITAN.NS | C72: 45145 | D72: 3017.25 | E72: 3050.45
A73: 45019 | B73: DMART.NS | C73: 45019 | D73: 3553.75 | E73: 3454.2 | F73: 3539.8425 | G73: 3529.832 | H73: 3512.1333 | I73: 3509.9629 | J73: 3513.3938 | K73: =((F73-E73)/E73) -> 0.024793729 | L73: =((G73-E73)/E73) -> 0.021895663 | M73: =((H73-E73)/E73) -> 0.016771853 | N73: =((I73-E73)/E73) -> 0.016143494 | O73: =((J73-E73)/E73) -> 0.017136747 | P73: =F73>$E73 -> TRUE | Q73: =G73>$E73 -> TRUE | R73: =H73>$E73 -> TRUE | S73: =I73>$E73 -> TRUE | T73: =J73>$E73 -> TRUE
A74: 45054 | B74: DMART.NS | C74: 45054 | D74: 3677.85 | E74: 3677.55 | F74: 3484.6725 | G74: 3548.356 | H74: 3604.9067 | I74: 3642.7843 | J74: 3664.1825 | K74: =((F74-E74)/E74) -> -0.052447281 | L74: =((G74-E74)/E74) -> -0.035130454 | M74: =((H74-E74)/E74) -> -0.019753187 | N74: =((I74-E74)/E74) -> -0.0094534987 | O74: =((J74-E74)/E74) -> -0.0036348928 | P74: =F74>$E74 -> FALSE | Q74: =G74>$E74 -> FALSE | R74: =H74>$E74 -> FALSE | S74: =I74>$E74 -> FALSE | T74: =J74>$E74 -> FALSE
A75: 45086 | B75: DMART.NS | C75: 45082 | D75: 3632.1 | E75: 3917.7 | F75: 3861.8925 | G75: 3827.53 | H75: 3805.1133 | I75: 3791.7686 | J75: 3769.4425 | K75: =((F75-E75)/E75) -> -0.014244965 | L75: =((G75-E75)/E75) -> -0.023016055 | M75: =((H75-E75)/E75) -> -0.02873795 | N75: =((I75-E75)/E75) -> -0.032144225 | O75: =((J75-E75)/E75) -> -0.037842995 | P75: =F75>$E75 -> FALSE | Q75: =G75>$E75 -> FALSE | R75: =H75>$E75 -> FALSE | S75: =I75>$E75 -> FALSE | T75: =J75>$E75 -> FALSE
A76: 45091 | B76: DMART.NS | C76: 45089 | D76: 3704.85 | E76: 3986.9 | F76: 3814.2775 | G76: 3787.918 | H76: 3777.0567 | I76: 3759.4643 | J76: 3731.145 | K76: =((F76-E76)/E76) -> -0.043297424 | L76: =((G76-E76)/E76) -> -0.049908952 | M76: =((H76-E76)/E76) -> -0.052633207 | N76: =((I76-E76)/E76) -> -0.057045753 | O76: =((J76-E76)/E76) -> -0.064148837 | P76: =F76>$E76 -> FALSE | Q76: =G76>$E76 -> FALSE | R76: =H76>$E76 -> FALSE | S76: =I76>$E76 -> FALSE | T76: =J76>$E76 -> FALSE
A77: 44938 | B77: ULTRACEMCO.NS | C77: 44935 | D77: 7153.35 | E77: 7283.45 | F77: 7070.92 | G77: 7114.654 | H77: 7136.4783 | I77: 7149.9286 | J77: 7147.0587 | K77: =((F77-E77)/E77) -> -0.029179853 | L77: =((G77-E77)/E77) -> -0.023175281 | M77: =((H77-E77)/E77) -> -0.020178853 | N77: =((I77-E77)/E77) -> -0.018332168 | O77: =((J77-E77)/E77) -> -0.018726187 | P77: =F77>$E77 -> FALSE | Q77: =G77>$E77 -> FALSE | R77: =H77>$E77 -> FALSE | S77: =I77>$E77 -> FALSE | T77: =J77>$E77 -> FALSE
A78: 45075 | B78: ULTRACEMCO.NS | C78: 45075 | D78: 7840.55 | E78: 7850.65 | F78: 8212.07 | G78: 8245.132 | H78: 8244.7417 | I78: 8240.3043 | J78: 8251.7362 | K78: =((F78-E78)/E78) -> 0.046036952 | L78: =((G78-E78)/E78) -> 0.050248323 | M78: =((H78-E78)/E78) -> 0.050198604 | N78: =((I78-E78)/E78) -> 0.049633379 | O78: =((J78-E78)/E78) -> 0.051089559 | P78: =F78>$E78 -> TRUE | Q78: =G78>$E78 -> TRUE | R78: =H78>$E78 -> TRUE | S78: =I78>$E78 -> TRUE | T78: =J78>$E78 -> TRUE
A79: 45083 | B79: ULTRACEMCO.NS | C79: 45082 | D79: 8109.55 | E79: 8198.6 | F79: 8292.6525 | G79: 8276.684 | H79: 8273.4267 | I79: 8278.5743 | J79: 8266.61 | K79: =((F79-E79)/E79) -> 0.011471776 | L79: =((G79-E79)/E79) -> 0.0095240651 | M79: =((H79-E79)/E79) -> 0.0091267615 | N79: =((I79-E79)/E79) -> 0.0097546271 | O79: =((J79-E79)/E79) -> 0.0082953187 | P79: =F79>$E79 -> TRUE | Q79: =G79>$E79 -> TRUE | R79: =H79>$E79 -> TRUE | S79: =I79>$E79 -> TRUE | T79: =J79>$E79 -> TRUE
A80: 44966 | B80: BAJAJFINSV.NS | C80: 44963 | D80: 1400.25 | E80: 1420.8 | F80: 1351.93 | G80: 1337.536 | H80: 1321.795 | I80: 1318.5229 | J80: 1320.4713 | K80: =((F80-E80)/E80) -> -0.048472691 | L80: =((G80-E80)/E80) -> -0.058603604 | M80: =((H80-E80)/E80) -> -0.069682573 | N80: =((I80-E80)/E80) -> -0.071985602 | O80: =((J80-E80)/E80) -> -0.070614267 | P80: =F80>$E80 -> FALSE | Q80: =G80>$E80 -> FALSE | R80: =H80>$E80 -> FALSE | S80: =I80>$E80 -> FALSE | T80: =J80>$E80 -> FALSE
A81: 45022 | B81: BAJAJFINSV.NS | C81: 45019 | D81: 1303.95 | E81: 1341.3 | F81: 1364.775 | G81: 1375.312 | H81: 1385.4183 | I81: 1395.5929 | J81: 1405.0412 | K81: =((F81-E81)/E81) -> 0.017501677 | L81: =((G81-E81)/E81) -> 0.025357489 | M81: =((H81-E81)/E81) -> 0.032892219 | N81: =((I81-E81)/E81) -> 0.040477788 | O81: =((J81-E81)/E81) -> 0.047521994 | P81: =F81>$E81 -> TRUE | Q81: =G81>$E81 -> TRUE | R81: =H81>$E81 -> TRUE | S81: =I81>$E81 -> TRUE | T81: =J81>$E81 -> TRUE
A82: 45029 | B82: BAJAJFINSV.NS | C82: 45026 | D82: 1341.3 | E82: 1332.1 | F82: 1381.5 | G82: 1390.928 | H82: 1401.5683 | I82: 1411.31 | J82: 1420.2938 | K82: =((F82-E82)/E82) -> 0.037084303 | L82: =((G82-E82)/E82) -> 0.04416185 | M82: =((H82-E82)/E82) -> 0.052149488 | N82: =((I82-E82)/E82) -> 0.059462503 | O82: =((J82-E82)/E82) -> 0.066206554 | P82: =F82>$E82 -> TRUE | Q82: =G82>$E82 -> TRUE | R82: =H82>$E82 -> TRUE | S82: =I82>$E82 -> TRUE | T82: =J82>$E82 -> TRUE
A83: 45043 | B83: BAJAJFINSV.NS | C83: 45040 | D83: 1360 | E83: 1374.45 | F83: 1424.325 | G83: 1433.042 | H83: 1439.995 | I83: 1451.3814 | J83: 1459.5438 | K83: =((F83-E83)/E83) -> 0.036287242 | L83: =((G83-E83)/E83) -> 0.042629415 | M83: =((H83-E83)/E83) -> 0.047688166 | N83: =((I83-E83)/E83) -> 0.055972519 | O83: =((J83-E83)/E83) -> 0.061911128 | P83: =F83>$E83 -> TRUE | Q83: =G83>$E83 -> TRUE | R83: =H83>$E83 -> TRUE | S83: =I83>$E83 -> TRUE | T83: =J83>$E83 -> TRUE
A84: 45093 | B84: BAJAJFINSV.NS | C84: 45089 | D84: 1508.6 | E84: 1507.65 | F84: 1587.775 | G84: 1595.508 | H84: 1585.51 | I84: 1575.1271 | J84: 1562.4162 | K84: =((F84-E84)/E84) -> 0.053145624 | L84: =((G84-E84)/E84) -> 0.058274799 | M84: =((H84-E84)/E84) -> 0.051643286 | N84: =((I84-E84)/E84) -> 0.044756504 | O84: =((J84-E84)/E84) -> 0.036325573 | P84: =F84>$E84 -> TRUE | Q84: =G84>$E84 -> TRUE | R84: =H84>$E84 -> TRUE | S84: =I84>$E84 -> TRUE | T84: =J84>$E84 -> TRUE
... A89: 45107 | B89: WIPRO.NS | C89: 45103 | D89: 389.15 | E89: 396.2 | F89: 403.1075 | G89: 405.398 | H89: 407.035 | I89: 408.01143 | J89: 408.00385 | K89: =((F89-E89)/E89) -> 0.017434377 | L89: =((G89-E89)/E89) -> 0.023215548 | M89: =((H89-E89)/E89) -> 0.027347299 | N89: =((I89-E89)/E89) -> 0.029811783 | O89: =((J89-E89)/E89) -> 0.029792646 | P89: =F89>$E89 -> TRUE | Q89: =G89>$E89 -> TRUE | R89: =H89>$E89 -> TRUE | S89: =I89>$E89 -> TRUE | T89: =J89>$E89 -> TRUE
A90: 45121 | B90: WIPRO.NS | C90: 45117 | D90: 405.05 | E90: 417.65 | F90: 408.6975 | G90: 409.732 | H90: 409.48448 | K90: =((F90-E90)/E90) -> -0.021435412 | L90: =((G90-E90)/E90) -> -0.018958458 | M90: =((H90-E90)/E90) -> -0.019551101 | P90: =F90>$E90 -> FALSE | Q90: =G90>$E90 -> FALSE | R90: =H90>$E90 -> FALSE
A91: 45028 | B91: ADANIENT.NS | C91: 45026 | D91: 1847.25 | E91: 1853.85 | F91: 1886.4275 | G91: 1986.298 | H91: 2073.9267 | I91: 2125.69 | J91: 2168.5113 | K91: =((F91-E91)/E91) -> 0.017572889 | L91: =((G91-E91)/E91) -> 0.071444831 | M91: =((H91-E91)/E91) -> 0.11871331 | N91: =((I91-E91)/E91) -> 0.14663538 | O91: =((J91-E91)/E91) -> 0.16973393 | P91: =F91>$E91 -> TRUE | Q91: =G91>$E91 -> TRUE | R91: =H91>$E91 -> TRUE | S91: =I91>$E91 -> TRUE | T91: =J91>$E91 -> TRUE
A92: 45068 | B92: ADANIENT.NS | C92: 45068 | D92: 2326.1 | E92: 2544.35 | F92: 2445.06 | G92: 2421.57 | H92: 2417.295 | I92: 2413.61 | J92: 2414.2812 | K92: =((F92-E92)/E92) -> -0.039023719 | L92: =((G92-E92)/E92) -> -0.04825594 | M92: =((H92-E92)/E92) -> -0.049936133 | N92: =((I92-E92)/E92) -> -0.05138444 | O92: =((J92-E92)/E92) -> -0.05112062 | P92: =F92>$E92 -> FALSE | Q92: =G92>$E92 -> FALSE | R92: =H92>$E92 -> FALSE | S92: =I92>$E92 -> FALSE | T92: =J92>$E92 -> FALSE
A93: 44945 | B93: ONGC.NS | C93: 44942 | D93: 151.75 | E93: 152.45 | F93: 148.41 | G93: 149.574 | H93: 150.73833 | I93: 151.11857 | J93: 151.16875 | K93: =((F93-E93)/E93) -> -0.026500492 | L93: =((G93-E93)/E93) -> -0.018865202 | M93: =((H93-E93)/E93) -> -0.011227725 | N93: =((I93-E93)/E93) -> -0.0087335426 | O93: =((J93-E93)/E93) -> -0.0084043949 | P93: =F93>$E93 -> FALSE | Q93: =G93>$E93 -> FALSE | R93: =H93>$E93 -> FALSE | S93: =I93>$E93 -> FALSE | T93: =J93>$E93 -> FALSE
A94: 44973 | B94: ONGC.NS | C94: 44970 | D94: 155.9 | E94: 153.6 | F94: 154.19 | G94: 153.242 | H94: 153.48 | I94: 154.31857 | J94: 155.04875 | K94: =((F94-E94)/E94) -> 0.0038411458 | L94: =((G94-E94)/E94) -> -0.0023307292 | M94: =((H94-E94)/E94) -> -0.00078125 | N94: =((I94-E94)/E94) -> 0.0046781994 | O94: =((J94-E94)/E94) -> 0.0094319661 | P94: =F94>$E94 -> TRUE | Q94: =G94>$E94 -> FALSE | R94: =H94>$E94 -> FALSE | S94: =I94>$E94 -> TRUE | T94: =J94>$E94 -> TRUE
A95: 45091 | B95: ONGC.NS | C95: 45089 | D95: 157.85 | E95: 157.25 | F95: 162.8425 | G95: 164.462 | H95: 166.135 | I95: 167.22 | J95: 168.58375 | K95: =((F95-E95)/E95) -> 0.035564388 | L95: =((G95-E95)/E95) -> 0.045863275 | M95: =((H95-E95)/E95) -> 0.056502385 | N95: =((I95-E95)/E95) -> 0.063402226 | O95: =((J95-E95)/E95) -> 0.072074722 | P95: =F95>$E95 -> TRUE | Q95: =G95>$E95 -> TRUE | R95: =H95>$E95 -> TRUE | S95: =I95>$E95 -> TRUE | T95: =J95>$E95 -> TRUE
A96: 45119 | B96: ONGC.NS | C96: 45117 | D96: 167.65 | E96: 166.9 | F96: 173.775 | G96: 174.25 | H96: 174.35667 | I96: 174.35 | K96: =((F96-E96)/E96) -> 0.041192331 | L96: =((G96-E96)/E96) -> 0.044038346 | M96: =((H96-E96)/E96) -> 0.044677452 | N96: =((I96-E96)/E96) -> 0.044637507 | P96: =F96>$E96 -> TRUE | Q96: =G96>$E96 -> TRUE | R96: =H96>$E96 -> TRUE | S96: =I96>$E96 -> TRUE
A97: 45048 | B97: NTPC.NS | C97: 45047 | D97: 175.6 | E97: 177.05 | F97: 175.3775 | G97: 176.434 | H97: 178.13833 | I97: 179.29286 | J97: 180.545 | K97: =((F97-E97)/E97) -> -0.009446484 | L97: =((G97-E97)/E97) -> -0.0034792432 | M97: =((H97-E97)/E97) -> 0.0061470394 | N97: =((I97-E97)/E97) -> 0.012667931 | O97: =((J97-E97)/E97) -> 0.019740186 | P97: =F97>$E97 -> FALSE | Q97: =G97>$E97 -> FALSE | R97: =H97>$E97 -> TRUE | S97: =I97>$E97 -> TRUE | T97: =J97>$E97 -> TRUE
A98: 45085 | B98: NTPC.NS | C98: 45082 | D98: 182.05 | E98: 187.2 | F98: 189.19 | G98: 189.222 | H98: 190.85833 | I98: 194.81286 | J98: 197.7 | K98: =((F98-E98)/E98) -> 0.010630342 | L98: =((G98-E98)/E98) -> 0.010801282 | M98: =((H98-E98)/E98) -> 0.019542379 | N98: =((I98-E98)/E98) -> 0.040666972 | O98: =((J98-E98)/E98) -> 0.056089744 | P98: =F98>$E98 -> TRUE | Q98: =G98>$E98 -> TRUE | R98: =H98>$E98 -> TRUE | S98: =I98>$E98 -> TRUE | T98: =J98>$E98 -> TRUE
A99: 45128 | B99: NTPC.NS | C99: 45124 | D99: 195.1 | E99: 201.95 | F99: 217.8775 | G99: 218.25208 | K99: =((F99-E99)/E99) -> 0.078868532 | L99: =((G99-E99)/E99) -> 0.080723364 | P99: =F99>$E99 -> TRUE | Q99: =G99>$E99 -> TRUE
A100: 45014 | B100: JSWSTEEL.NS | C100: 45012 | D100: 678.9 | E100: 682.7 | F100: 722.8175 | G100: 720.09 | H100: 716.39833 | I100: 714.08857 | J100: 712.87125 | K100: =((F100-E100)/E100) -> 0.058763 | L100: =((G100-E100)/E100) -> 0.054767834 | M100: =((H100-E100)/E100) -> 0.049360383 | N100: =((I100-E100)/E100) -> 0.045977108 | O100: =((J100-E100)/E100) -> 0.044194009 | P100: =F100>$E100 -> TRUE | Q100: =G100>$E100 -> TRUE | R100: =H100>$E100 -> TRUE | S100: =I100>$E100 -> TRUE | T100: =J100>$E100 -> TRUE
A101: 45027 | B101: JSWSTEEL.NS | C101: 45026 | D101: 713.6 | E101: 719.35 | F101: 720.79 | G101: 716.256 | H101: 713.595 | I101: 713.23 | J101: 718.42875 | K101: =((F101-E101)/E101) -> 0.0020018072 | L101: =((G101-E101)/E101) -> -0.0043011052 | M101: =((H101-E101)/E101) -> -0.008000278 | N101: =((I101-E101)/E101) -> -0.0085076805 | O101: =((J101-E101)/E101) -> -0.00128067 | P101: =F101>$E101 -> TRUE | Q101: =G101>$E101 -> FALSE | R101: =H101>$E101 -> FALSE | S101: =I101>$E101 -> FALSE | T101: =J101>$E101 -> FALSE
A102: 45084 | B102: JSWSTEEL.NS | C102: 45082 | D102: 729.75 | E102: 756.65 | F102: 778.0375 | G102: 781.948 | H102: 783.86167 | I102: 787.30429 | J102: 790.09625 | K102: =((F102-E102)/E102) -> 0.028266041 | L102: =((G102-E102)/E102) -> 0.033434217 | M102: =((H102-E102)/E102) -> 0.035963347 | N102: =((I102-E102)/E102) -> 0.040513164 | O102: =((J102-E102)/E102) -> 0.044203066 | P102: =F102>$E102 -> TRUE | Q102: =G102>$E102 -> TRUE | R102: =H102>$E102 -> TRUE | S102: =I102>$E102 -> TRUE | T102: =J102>$E102 -> TRUE
A103: 44935 | B103: M&M.NS | C103: 44935 | D103: 1310.35 | E103: 1328.15 | F103: 1344.3075 | G103: 1347.382 | H103: 1340.2567 | I103: 1329.7157 | J103: 1316.4775 | K103: =((F103-E103)/E103) -> 0.012165418 | L103: =((G103-E103)/E103) -> 0.014480292 | M103: =((H103-E103)/E103) -> 0.0091154363 | N103: =((I103-E103)/E103) -> 0.0011788686 | O103: =((J103-E103)/E103) -> -0.0087885405 | P103: =F103>$E103 -> TRUE | Q103: =G103>$E103 -> TRUE | R103: =H103>$E103 -> TRUE | S103: =I103>$E103 -> TRUE | T103: =J103>$E103 -> FALSE
A104: 44957 | B104: M&M.NS | C104: 44956 | D104: 1378.75 | E104: 1376 | F104: 1324.215 | G104: 1304.134 | H104: 1281.0067 | I104: 1262.1786 | J104: 1249.3963 | K104: =((F104-E104)/E104) -> -0.037634448 | L104: =((G104-E104)/E104) -> -0.052228198 | M104: =((H104-E104)/E104) -> -0.069035853 | N104: =((I104-E104)/E104) -> -0.082719061 | O104: =((J104-E104)/E104) -> -0.092008539 | P104: =F104>$E104 -> FALSE | Q104: =G104>$E104 -> FALSE | R104: =H104>$E104 -> FALSE | S104: =I104>$E104 -> FALSE | T104: =J104>$E104 -> FALSE
A105: 45055 | B105: M&M.NS | C105: 45054 | D105: 1245.45 | E105: 1285.65 | F105: 1319.245 | G105: 1333.434 | H105: 1341.8717 | I105: 1355.6271 | J105: 1378.9025 | K105: =((F105-E105)/E105) -> 0.026130751 | L105: =((G105-E105)/E105) -> 0.037167192 | M105: =((H105-E105)/E105) -> 0.043730149 | N105: =((I105-E105)/E105) -> 0.054429388 | O105: =((J105-E105)/E105) -> 0.072533349 | P105: =F105>$E105 -> TRUE | Q105: =G105>$E105 -> TRUE | R105: =H105>$E105 -> TRUE | S105: =I105>$E105 -> TRUE | T105: =J105>$E105 -> TRUE
...

Sheet Price movement analysis
C3: AVG. NET PRICE MOVEMENT ANALYSIS
A5: METRICS | B5: 20 DAYS AVG. MOVEMENT | C5: 25 DAYS AVG. MOVEMENT | D5: 30 DAYS AVG. MOVEMENT | E5: 35 DAYS AVG. MOVEMENT | F5: 40 DAYS AVG. MOVEMENT
A6: TOTAL COUNT | B6: =COUNTA(Daily_Net_price_movement!P$2:P$346) -> 318 | C6: =COUNTA(Daily_Net_price_movement!Q$2:Q$346) -> 310 | D6: =COUNTA(Daily_Net_price_movement!R$2:R$346) -> 302 | E6: =COUNTA(Daily_Net_price_movement!S$2:S$346) -> 294 | F6: =COUNTA(Daily_Net_price_movement!T$2:T$346) -> 287
A7: INCREMENT (Num) | B7: =COUNTIF(Daily_Net_price_movement!P$2:P$346,"TRUE") -> 201 | C7: =COUNTIF(Daily_Net_price_movement!Q$2:Q$346,"TRUE") -> 199 | D7: =COUNTIF(Daily_Net_price_movement!R$2:R$346,"TRUE") -> 194 | E7: =COUNTIF(Daily_Net_price_movement!S$2:S$346,"TRUE") -> 193 | F7: =COUNTIF(Daily_Net_price_movement!T$2:T$346,"TRUE") -> 193
A8: DECREMENT (Num) | B8: =COUNTIF(Daily_Net_price_movement!P$3:P$347,"FALSE") -> 117 | C8: =COUNTIF(Daily_Net_price_movement!Q$3:Q$347,"FALSE") -> 111 | D8: =COUNTIF(Daily_Net_price_movement!R$3:R$347,"FALSE") -> 108 | E8: =COUNTIF(Daily_Net_price_movement!S$3:S$347,"FALSE") -> 101 | F8: =COUNTIF(Daily_Net_price_movement!T$3:T$347,"FALSE") -> 94
A9: INCREMENT (%) | B9: =B7/B6 -> 0.63207547 | C9: =C7/C6 -> 0.64193548 | D9: =D7/D6 -> 0.64238411 | E9: =E7/E6 -> 0.65646258 | F9: =F7/F6 -> 0.67247387
A10: % DECREMENT | B10: =B8/B6 -> 0.36792453 | C10: =C8/C6 -> 0.35806452 | D10: =D8/D6 -> 0.35761589 | E10: =E8/E6 -> 0.34353742 | F10: =F8/F6 -> 0.32752613
A11: AVG. MOVEMENT(%) | B11: =AVERAGE(Daily_Net_price_movement!K2:K346) -> 0.008136946 | C11: =AVERAGE(Daily_Net_price_movement!L2:L346) -> 0.011279085 | D11: =AVERAGE(Daily_Net_price_movement!M2:M346) -> 0.014468456 | E11: =AVERAGE(Daily_Net_price_movement!N2:N346) -> 0.018569249 | F11: =AVERAGE(Daily_Net_price_movement!O2:O346) -> 0.02191273
A12: AVG % INCREMENT (%) | B12: =AVERAGEIF(Daily_Net_price_movement!P$2:P$346,"TRUE",Daily_Net_price_movement!K$2:K$346) -> 0.031631364 | C12: =AVERAGEIF(Daily_Net_price_movement!Q$2:Q$346,"TRUE",Daily_Net_price_movement!L$2:L$346) -> 0.037158997 | D12: =AVERAGEIF(Daily_Net_price_movement!R$2:R$346,"TRUE",Daily_Net_price_movement!M$2:M$346) -> 0.042092799 | E12: =AVERAGEIF(Daily_Net_price_movement!S$2:S$346,"TRUE",Daily_Net_price_movement!N$2:N$346) -> 0.047177973 | F12: =AVERAGEIF(Daily_Net_price_movement!T$2:T$346,"TRUE",Daily_Net_price_movement!O$2:O$346) -> 0.05137797
A13: AVG % DECREMENT (%) | B13: =AVERAGEIF(Daily_Net_price_movement!P$3:P$347,"FALSE",Daily_Net_price_movement!K$3:K$347) -> -0.032225258 | C13: =AVERAGEIF(Daily_Net_price_movement!Q$3:Q$347,"FALSE",Daily_Net_price_movement!L$3:L$347) -> -0.035118233 | D13: =AVERAGEIF(Daily_Net_price_movement!R$3:R$347,"FALSE",Daily_Net_price_movement!M$3:M$347) -> -0.035153049 | E13: =AVERAGEIF(Daily_Net_price_movement!S$3:S$347,"FALSE",Daily_Net_price_movement!N$3:N$347) -> -0.036098908 | F13: =AVERAGEIF(Daily_Net_price_movement!T$3:T$347,"FALSE",Daily_Net_price_movement!O$3:O$347) -> -0.038585051
A14: Max. Upward movement(%) | B14: =MAX(Daily_Net_price_movement!K$2:K$346) -> 0.14058493 | C14: =MAX(Daily_Net_price_movement!L$2:L$346) -> 0.15538364 | D14: =MAX(Daily_Net_price_movement!M$2:M$346) -> 0.17194433 | E14: =MAX(Daily_Net_price_movement!N$2:N$346) -> 0.17428087 | F14: =MAX(Daily_Net_price_movement!O$2:O$346) -> 0.18526516
A15: Worst down movement (%) | B15: =MIN(Daily_Net_price_movement!K$3:K$347) -> -0.47954039 | C15: =MIN(Daily_Net_price_movement!L$3:L$347) -> -0.53165317 | D15: =MIN(Daily_Net_price_movement!M$3:M$347) -> -0.56446902 | E15: =MIN(Daily_Net_price_movement!N$3:N$347) -> -0.57787725 | F15: =MIN(Daily_Net_price_movement!O$3:O$347) -> -0.57909179
D18: SUMMARY TABLE
A20: =A5 -> METRICS | B20: =B5 -> 20 DAYS AVG. MOVEMENT | C20: =C5 -> 25 DAYS AVG. MOVEMENT | D20: =D5 -> 30 DAYS AVG. MOVEMENT | E20: =E5 -> 35 DAYS AVG. MOVEMENT | F20: =F5 -> 40 DAYS AVG. MOVEMENT
A21: =A11 -> AVG. MOVEMENT(%) | B21: =B11 -> 0.008136946 | C21: =C11 -> 0.011279085 | D21: =D11 -> 0.014468456 | E21: =E11 -> 0.018569249 | F21: =F11 -> 0.02191273
A22: =A14 -> Max. Upward movement(%) | B22: =B14 -> 0.14058493 | C22: =C14 -> 0.15538364 | D22: =D14 -> 0.17194433 | E22: =E14 -> 0.17428087 | F22: =F14 -> 0.18526516
A23: =A15 -> Worst down movement (%) | B23: =B15 -> -0.47954039 | C23: =C15 -> -0.53165317 | D23: =D15 -> -0.56446902 | E23: =E15 -> -0.57787725 | F23: =F15 -> -0.57909179
